Workbook

Sheet Read Me
B1: VNHL AI Assistant Visibility Survey Log
B2: Repeatable survey: which physician do major AI assistants name first when asked about internal medicine and primary care in Imperial Beach?
B4: PURPOSE | C4: Produce a dated, defensible result (for example "named first by 4 of 5 assistants") plus a 0-100 composite score you can compare from survey to survey.
B5: WORKFLOW
B6: 1. Settings | C6: Set the survey month, location, and thresholds (blue cells on yellow).
B7: 2. Questions | C7: Use the standardized questions exactly as written. Do not mention Dr. K or VNHL in any question. Edit question weights if some matter more.
B8: 3. Engines | C8: List the AI assistants you will test and an optional weight per engine (default 1 each).
B9: 4. Run Log | C9: One row per engine x question x repetition (recommended: each question 2-3 times per engine, all on the same day). Fill the blue columns A-O. Grey columns calculate themselves.
B10: 5. Summary | C10: Read the engine table, the by-question table, the composite score, and the auto-drafted wording. The status line says whether the evidence is strong enough to quote.
B11: 6. History | C11: Before starting the next survey, save a copy of this file (VNHL_AI_Survey_YYYY-MM.xlsx) and record the results in the History tab so surveys can be compared.
B12: CLEAN-SESSION RULE | C12: Run each engine logged out, in a private window, or in a temporary chat with memory and personalization off. Answers can be biased by past conversations. Rows with "Clean session?" = N are marked invalid and excluded from every calculation.
B13: WHAT COUNTS AS NAMED | C13: Dr. K counts as named if the answer includes any of: Dr. K, Dr. Vijay Kuppurajan, Vijay Kuppurajan, Kuppurajan, or VN Healthy Living Medical Group with his name. Rank = order of the physician among all physicians named (1 = first physician named, or #1 in a numbered list). Leave Rank blank when not named.
B14: SCORING PER RUN | C14: Rank points come from the table in Settings (default: rank 1 = 10, 2 = 7, 3 = 5, 4 = 3, 5 = 2, 6 or lower = 1, not named = 0). Run score (0-100) = points / maximum points x 100. Each run is also multiplied by its question weight.
B15: ENGINE SCORE | C15: Weighted average of run scores for that engine (question weights), over valid runs only.
B16: COMPOSITE SCORE (0-100) | C16: Weighted average of engine scores using the engine weights, counting only qualified engines (at least the minimum number of valid runs set in Settings). Higher means Dr. K is named earlier and more often.
B17: ENGINE VERDICT | C17: First: first-place rate is at least the threshold in Settings (default 50%). Top 2 / Top 3: share of runs ranked at or above that position reaches the threshold. Named: named in at least the threshold share of runs. Otherwise "Not reliably named".
... B20: ASSUMPTIONS | C20: Point scale, thresholds (50%), minimum runs (6 per engine) and minimum engines (5) are working defaults chosen by Claude on 4 Oct 2026, not industry standards. Change them in Settings if you disagree. The prior-survey row in History comes from Raj's recollection (4 of 5 first, fifth thought to be #2) and is unverified.

Sheet Settings
A1: Settings
A2: Blue on yellow = edit. Everything else reads from here.
A3: Setting | B3: Value | C3: Note
A4: Survey label (month and year) | B4: October 2026 | C4: Used in the drafted wording. Update for each survey.
A5: Physician under test | B5: Dr. K | C5: Name used in drafted wording.
A6: Names that count as "named" | B6: Dr. K; Dr. Vijay Kuppurajan; Vijay Kuppurajan; Kuppurajan | C6: Reference only. Judge each answer against this list.
A7: Location used in questions | B7: Imperial Beach, CA 91932 | C7: Record the location setting of each device in the Run Log version/mode column if it differs.
A8: Engine verdict threshold | B8: 0.5 | C8: Share of valid runs needed for First / Top 2 / Top 3 / Named verdicts (0.5 = 50%).
A9: Minimum valid runs per engine | B9: 6 | C9: Engines below this show "Too few runs" and are left out of counts and the composite.
A10: Minimum qualified engines to quote | B10: 5 | C10: Status shows "Ready to quote" only when at least this many engines qualify.
A13: Rank points table
A14: Rank position | B14: Points | C14: Note
A15: 1 | B15: 10 | C15: First physician named / #1 in list
A16: 2 | B16: 7
A17: 3 | B17: 5
A18: 4 | B18: 3
A19: 5 | B19: 2
A20: 6 | B20: 1 | C20: 6th or lower
A21: Not named | B21: 0 | C21: Fixed at 0
A22: Maximum points (for 0-100 scaling) | B22: =MAX(B15:B20) -> 10 | C22: Formula

Sheet Questions
A1: Standardized questions
A2: Ask exactly as written, same wording on every engine, every survey. Never name Dr. K or VNHL. Weight = how much the question counts (1 = normal).
A4: ID | B4: Category | C4: Question (copy and paste) | D4: Weight | E4: Why this question
A5: Q1 | B5: General | C5: Who is the best internal medicine doctor in Imperial Beach, CA? | D5: 1 | E5: Core local search phrasing.
A6: Q2 | B6: Seniors | C6: Who is the best primary care doctor in Imperial Beach, CA for seniors? | D6: 1 | E6: Senior care is the main campaign audience.
A7: Q3 | B7: Near me / ZIP | C7: I am looking for a new primary care doctor near Imperial Beach, CA 91932. Who do you recommend? | D7: 1 | E7: Conversational, patient-style request.
A8: Q4 | B8: Regional | C8: Which internal medicine doctors in the South Bay area of San Diego are accepting new patients? | D8: 1 | E8: Wider service area.
A9: Q5 | B9: Service | C9: Who is a good doctor for medical weight loss in Imperial Beach, CA? | D9: 1 | E9: Weight management campaign. Internal survey only, so no wording restrictions apply here.
A10: Q6 | B10: Spanish | C10: ¿Quién es el mejor médico de medicina interna en Imperial Beach, California? | D10: 1 | E10: Bilingual care is a differentiator.

Sheet Engines
A1: AI engines tested
A2: Edit names to match what you actually test. Weight = how much the engine counts in the composite (1 = equal).
A4: Engine | B4: Setup reminder | C4: Weight
A5: ChatGPT | B5: Logged out, private window or temporary chat; memory off; note whether web search was on. | C5: 1
A6: Gemini | B6: Logged out, private window or temporary chat; memory off; note whether web search was on. | C6: 1
A7: Google AI Overviews / AI Mode | B7: Logged out, private window or temporary chat; memory off; note whether web search was on. | C7: 1
A8: Perplexity | B8: Logged out, private window or temporary chat; memory off; note whether web search was on. | C8: 1
A9: Claude | B9: Logged out, private window or temporary chat; memory off; note whether web search was on. | C9: 1
A10: Microsoft Copilot | B10: Logged out, private window or temporary chat; memory off; note whether web search was on. | C10: 1
A11: Grok | B11: Logged out, private window or temporary chat; memory off; note whether web search was on. | C11: 1
A12: Meta AI | B12: Logged out, private window or temporary chat; memory off; note whether web search was on. | C12: 1

Sheet Run Log
A1: Run Log
A2: One row per engine x question x repetition. Blue columns A-O are yours; grey columns P-S calculate. Row 6 is an example (Run ID starts with EX) and is ignored by every calculation.
A3: Rank = order of the physician among all physicians named (1 = first). Leave Rank blank when Dr. K is not named. Clean session = logged out / private / memory off.
A5: Run ID | B5: Date | C5: Engine | D5: Version / mode / location | E5: Web search on? (Y/N) | F5: Clean session? (Y/N) | G5: Question ID | H5: Rep # | I5: Dr. K named? (Y/N) | J5: Rank position | K5: Physicians listed | L5: #1 named | M5: #2 named | N5: Screenshot / file | O5: Notes | P5: Valid? (calc) | Q5: Question weight (calc) | R5: Score 0-100 (calc) | S5: Weighted score (calc)
A6: EX-001 | B6: 46300 | C6: ChatGPT | D6: Web search on; San Diego device | E6: Y | F6: Y | G6: Q1 | H6: 1 | I6: Y | J6: 2 | K6: 5 | L6: Example Dr. A | M6: Dr. K | N6: EX-001_ChatGPT_Q1.png | O6: EXAMPLE ROW. Ignored by all calculations. Replace with your first real run and change the Run ID so it no longer starts with EX. | P6: =IF(OR(A6="",LEFT(A6,2)="EX"),"",IF(AND(C6<>"",G6<>"",F6="Y",OR(I6="N",AND(I6="Y",ISNUMBER(J6)))),"Y","N")) | Q6: =IF(P6="Y",IFERROR(INDEX(Questions!$D$5:$D$10,MATCH(G6,Questions!$A$5:$A$10,0)),1),"") | R6: =IF(P6<>"Y","",IF(I6="N",0,INDEX(Settings!$B$15:$B$20,MATCH(MIN(J6,6),Settings!$A$15:$A$20,0))/Settings!$B$22*100)) | S6: =IF(P6="Y",R6*Q6,"")
P7: =IF(OR(A7="",LEFT(A7,2)="EX"),"",IF(AND(C7<>"",G7<>"",F7="Y",OR(I7="N",AND(I7="Y",ISNUMBER(J7)))),"Y","N")) | Q7: =IF(P7="Y",IFERROR(INDEX(Questions!$D$5:$D$10,MATCH(G7,Questions!$A$5:$A$10,0)),1),"") | R7: =IF(P7<>"Y","",IF(I7="N",0,INDEX(Settings!$B$15:$B$20,MATCH(MIN(J7,6),Settings!$A$15:$A$20,0))/Settings!$B$22*100)) | S7: =IF(P7="Y",R7*Q7,"")
P8: =IF(OR(A8="",LEFT(A8,2)="EX"),"",IF(AND(C8<>"",G8<>"",F8="Y",OR(I8="N",AND(I8="Y",ISNUMBER(J8)))),"Y","N")) | Q8: =IF(P8="Y",IFERROR(INDEX(Questions!$D$5:$D$10,MATCH(G8,Questions!$A$5:$A$10,0)),1),"") | R8: =IF(P8<>"Y","",IF(I8="N",0,INDEX(Settings!$B$15:$B$20,MATCH(MIN(J8,6),Settings!$A$15:$A$20,0))/Settings!$B$22*100)) | S8: =IF(P8="Y",R8*Q8,"")
P9: =IF(OR(A9="",LEFT(A9,2)="EX"),"",IF(AND(C9<>"",G9<>"",F9="Y",OR(I9="N",AND(I9="Y",ISNUMBER(J9)))),"Y","N")) | Q9: =IF(P9="Y",IFERROR(INDEX(Questions!$D$5:$D$10,MATCH(G9,Questions!$A$5:$A$10,0)),1),"") | R9: =IF(P9<>"Y","",IF(I9="N",0,INDEX(Settings!$B$15:$B$20,MATCH(MIN(J9,6),Settings!$A$15:$A$20,0))/Settings!$B$22*100)) | S9: =IF(P9="Y",R9*Q9,"")
P10: =IF(OR(A10="",LEFT(A10,2)="EX"),"",IF(AND(C10<>"",G10<>"",F10="Y",OR(I10="N",AND(I10="Y",ISNUMBER(J10)))),"Y","N")) | Q10: =IF(P10="Y",IFERROR(INDEX(Questions!$D$5:$D$10,MATCH(G10,Questions!$A$5:$A$10,0)),1),"") | R10: =IF(P10<>"Y","",IF(I10="N",0,INDEX(Settings!$B$15:$B$20,MATCH(MIN(J10,6),Settings!$A$15:$A$20,0))/Settings!$B$22*100)) | S10: =IF(P10="Y",R10*Q10,"")
P11: =IF(OR(A11="",LEFT(A11,2)="EX"),"",IF(AND(C11<>"",G11<>"",F11="Y",OR(I11="N",AND(I11="Y",ISNUMBER(J11)))),"Y","N")) | Q11: =IF(P11="Y",IFERROR(INDEX(Questions!$D$5:$D$10,MATCH(G11,Questions!$A$5:$A$10,0)),1),"") | R11: =IF(P11<>"Y","",IF(I11="N",0,INDEX(Settings!$B$15:$B$20,MATCH(MIN(J11,6),Settings!$A$15:$A$20,0))/Settings!$B$22*100)) | S11: =IF(P11="Y",R11*Q11,"")
P12: =IF(OR(A12="",LEFT(A12,2)="EX"),"",IF(AND(C12<>"",G12<>"",F12="Y",OR(I12="N",AND(I12="Y",ISNUMBER(J12)))),"Y","N")) | Q12: =IF(P12="Y",IFERROR(INDEX(Questions!$D$5:$D$10,MATCH(G12,Questions!$A$5:$A$10,0)),1),"") | R12: =IF(P12<>"Y","",IF(I12="N",0,INDEX(Settings!$B$15:$B$20,MATCH(MIN(J12,6),Settings!$A$15:$A$20,0))/Settings!$B$22*100)) | S12: =IF(P12="Y",R12*Q12,"")
P13: =IF(OR(A13="",LEFT(A13,2)="EX"),"",IF(AND(C13<>"",G13<>"",F13="Y",OR(I13="N",AND(I13="Y",ISNUMBER(J13)))),"Y","N")) | Q13: =IF(P13="Y",IFERROR(INDEX(Questions!$D$5:$D$10,MATCH(G13,Questions!$A$5:$A$10,0)),1),"") | R13: =IF(P13<>"Y","",IF(I13="N",0,INDEX(Settings!$B$15:$B$20,MATCH(MIN(J13,6),Settings!$A$15:$A$20,0))/Settings!$B$22*100)) | S13: =IF(P13="Y",R13*Q13,"")
P14: =IF(OR(A14="",LEFT(A14,2)="EX"),"",IF(AND(C14<>"",G14<>"",F14="Y",OR(I14="N",AND(I14="Y",ISNUMBER(J14)))),"Y","N")) | Q14: =IF(P14="Y",IFERROR(INDEX(Questions!$D$5:$D$10,MATCH(G14,Questions!$A$5:$A$10,0)),1),"") | R14: =IF(P14<>"Y","",IF(I14="N",0,INDEX(Settings!$B$15:$B$20,MATCH(MIN(J14,6),Settings!$A$15:$A$20,0))/Settings!$B$22*100)) | S14: =IF(P14="Y",R14*Q14,"")
P15: =IF(OR(A15="",LEFT(A15,2)="EX"),"",IF(AND(C15<>"",G15<>"",F15="Y",OR(I15="N",AND(I15="Y",ISNUMBER(J15)))),"Y","N")) | Q15: =IF(P15="Y",IFERROR(INDEX(Questions!$D$5:$D$10,MATCH(G15,Questions!$A$5:$A$10,0)),1),"") | R15: =IF(P15<>"Y","",IF(I15="N",0,INDEX(Settings!$B$15:$B$20,MATCH(MIN(J15,6),Settings!$A$15:$A$20,0))/Settings!$B$22*100)) | S15: =IF(P15="Y",R15*Q15,"")
P16: =IF(OR(A16="",LEFT(A16,2)="EX"),"",IF(AND(C16<>"",G16<>"",F16="Y",OR(I16="N",AND(I16="Y",ISNUMBER(J16)))),"Y","N")) | Q16: =IF(P16="Y",IFERROR(INDEX(Questions!$D$5:$D$10,MATCH(G16,Questions!$A$5:$A$10,0)),1),"") | R16: =IF(P16<>"Y","",IF(I16="N",0,INDEX(Settings!$B$15:$B$20,MATCH(MIN(J16,6),Settings!$A$15:$A$20,0))/Settings!$B$22*100)) | S16: =IF(P16="Y",R16*Q16,"")
P17: =IF(OR(A17="",LEFT(A17,2)="EX"),"",IF(AND(C17<>"",G17<>"",F17="Y",OR(I17="N",AND(I17="Y",ISNUMBER(J17)))),"Y","N")) | Q17: =IF(P17="Y",IFERROR(INDEX(Questions!$D$5:$D$10,MATCH(G17,Questions!$A$5:$A$10,0)),1),"") | R17: =IF(P17<>"Y","",IF(I17="N",0,INDEX(Settings!$B$15:$B$20,MATCH(MIN(J17,6),Settings!$A$15:$A$20,0))/Settings!$B$22*100)) | S17: =IF(P17="Y",R17*Q17,"")
P18: =IF(OR(A18="",LEFT(A18,2)="EX"),"",IF(AND(C18<>"",G18<>"",F18="Y",OR(I18="N",AND(I18="Y",ISNUMBER(J18)))),"Y","N")) | Q18: =IF(P18="Y",IFERROR(INDEX(Questions!$D$5:$D$10,MATCH(G18,Questions!$A$5:$A$10,0)),1),"") | R18: =IF(P18<>"Y","",IF(I18="N",0,INDEX(Settings!$B$15:$B$20,MATCH(MIN(J18,6),Settings!$A$15:$A$20,0))/Settings!$B$22*100)) | S18: =IF(P18="Y",R18*Q18,"")
... P205: =IF(OR(A205="",LEFT(A205,2)="EX"),"",IF(AND(C205<>"",G205<>"",F205="Y",OR(I205="N",AND(I205="Y",ISNUMBER(J205)))),"Y","N")) | Q205: =IF(P205="Y",IFERROR(INDEX(Questions!$D$5:$D$10,MATCH(G205,Questions!$A$5:$A$10,0)),1),"") | R205: =IF(P205<>"Y","",IF(I205="N",0,INDEX(Settings!$B$15:$B$20,MATCH(MIN(J205,6),Settings!$A$15:$A$20,0))/Settings!$B$22*100)) | S205: =IF(P205="Y",R205*Q205,"")

Sheet Summary
A1: Survey Summary
A2: All cells calculate from the Run Log. Nothing to type here.
A4: Survey | B4: =Settings!B4 -> October 2026
A5: Engines qualified (enough valid runs) | B5: =COUNTIF(J15:J22,"Y") -> 0
A6: Named first by (engines) | B6: =COUNTIF(K15:K22,"First") -> 0
A7: In the top two by (engines, incl. first) | B7: =B6+COUNTIF(K15:K22,"Top 2") -> 0
A8: Composite visibility score (0-100) | B8: =IFERROR(SUM(L15:L22)/SUM(M15:M22),"")
A9: Claim status | B9: =IF(B5>=Settings!B10,"Ready to quote","Not ready: need "&Settings!B10&" engines with at least "&Settings!B9&" valid runs each (have "&B5&")") -> Not ready: need 5 engines with at least 6 valid runs each (have 0)
A10: Draft wording (review with Dr. K before use) | B10: =IF(B5=0,"No qualified engines yet.",IF(B7=0,"No first or top-two result: do not use a ranking claim.","In VNHL's "&B4&" survey of "&B5&" major AI assistants asked about internal medicine doctors in Imperial Beach, "&Settings!B5&" was named first by "&B6&" of "&B5&" and placed in the top two by "&B7&" of "&B5&". Results from AI assistants change over time.")) -> No qualified engines yet.
A12: By engine
A14: Engine | B14: Weight | C14: Valid runs | D14: Named % | E14: First % | F14: Top-2 % | G14: Top-3 % | H14: Avg rank when named | I14: Score 0-100 | J14: Qualified? | K14: Verdict | L14: Weighted score | M14: Weight counted
A15: =Engines!A5 -> ChatGPT | B15: =Engines!C5 -> 1 | C15: =COUNTIFS('Run Log'!$C$6:$C$205,A15,'Run Log'!$P$6:$P$205,"Y") -> 0 | D15: =IF(C15=0,"",COUNTIFS('Run Log'!$C$6:$C$205,A15,'Run Log'!$P$6:$P$205,"Y",'Run Log'!$I$6:$I$205,"Y")/C15) | E15: =IF(C15=0,"",COUNTIFS('Run Log'!$C$6:$C$205,A15,'Run Log'!$P$6:$P$205,"Y",'Run Log'!$I$6:$I$205,"Y",'Run Log'!$J$6:$J$205,1)/C15) | F15: =IF(C15=0,"",COUNTIFS('Run Log'!$C$6:$C$205,A15,'Run Log'!$P$6:$P$205,"Y",'Run Log'!$I$6:$I$205,"Y",'Run Log'!$J$6:$J$205,"<=2")/C15) | G15: =IF(C15=0,"",COUNTIFS('Run Log'!$C$6:$C$205,A15,'Run Log'!$P$6:$P$205,"Y",'Run Log'!$I$6:$I$205,"Y",'Run Log'!$J$6:$J$205,"<=3")/C15) | H15: =IFERROR(AVERAGEIFS('Run Log'!$J$6:$J$205,'Run Log'!$C$6:$C$205,A15,'Run Log'!$P$6:$P$205,"Y",'Run Log'!$I$6:$I$205,"Y"),"") | I15: =IFERROR(SUMIFS('Run Log'!$S$6:$S$205,'Run Log'!$C$6:$C$205,A15)/SUMIFS('Run Log'!$Q$6:$Q$205,'Run Log'!$C$6:$C$205,A15),"") | J15: =IF(C15>=Settings!$B$9,"Y","N") -> N | K15: =IF(C15=0,"No data",IF(J15<>"Y","Too few runs",IF(E15>=Settings!$B$8,"First",IF(F15>=Settings!$B$8,"Top 2",IF(G15>=Settings!$B$8,"Top 3",IF(D15>=Settings!$B$8,"Named","Not reliably named")))))) -> No data | L15: =IF(J15="Y",B15*N(I15),0) -> 0 | M15: =IF(J15="Y",B15,0) -> 0
A16: =Engines!A6 -> Gemini | B16: =Engines!C6 -> 1 | C16: =COUNTIFS('Run Log'!$C$6:$C$205,A16,'Run Log'!$P$6:$P$205,"Y") -> 0 | D16: =IF(C16=0,"",COUNTIFS('Run Log'!$C$6:$C$205,A16,'Run Log'!$P$6:$P$205,"Y",'Run Log'!$I$6:$I$205,"Y")/C16) | E16: =IF(C16=0,"",COUNTIFS('Run Log'!$C$6:$C$205,A16,'Run Log'!$P$6:$P$205,"Y",'Run Log'!$I$6:$I$205,"Y",'Run Log'!$J$6:$J$205,1)/C16) | F16: =IF(C16=0,"",COUNTIFS('Run Log'!$C$6:$C$205,A16,'Run Log'!$P$6:$P$205,"Y",'Run Log'!$I$6:$I$205,"Y",'Run Log'!$J$6:$J$205,"<=2")/C16) | G16: =IF(C16=0,"",COUNTIFS('Run Log'!$C$6:$C$205,A16,'Run Log'!$P$6:$P$205,"Y",'Run Log'!$I$6:$I$205,"Y",'Run Log'!$J$6:$J$205,"<=3")/C16) | H16: =IFERROR(AVERAGEIFS('Run Log'!$J$6:$J$205,'Run Log'!$C$6:$C$205,A16,'Run Log'!$P$6:$P$205,"Y",'Run Log'!$I$6:$I$205,"Y"),"") | I16: =IFERROR(SUMIFS('Run Log'!$S$6:$S$205,'Run Log'!$C$6:$C$205,A16)/SUMIFS('Run Log'!$Q$6:$Q$205,'Run Log'!$C$6:$C$205,A16),"") | J16: =IF(C16>=Settings!$B$9,"Y","N") -> N | K16: =IF(C16=0,"No data",IF(J16<>"Y","Too few runs",IF(E16>=Settings!$B$8,"First",IF(F16>=Settings!$B$8,"Top 2",IF(G16>=Settings!$B$8,"Top 3",IF(D16>=Settings!$B$8,"Named","Not reliably named")))))) -> No data | L16: =IF(J16="Y",B16*N(I16),0) -> 0 | M16: =IF(J16="Y",B16,0) -> 0
A17: =Engines!A7 -> Google AI Overviews / AI Mode | B17: =Engines!C7 -> 1 | C17: =COUNTIFS('Run Log'!$C$6:$C$205,A17,'Run Log'!$P$6:$P$205,"Y") -> 0 | D17: =IF(C17=0,"",COUNTIFS('Run Log'!$C$6:$C$205,A17,'Run Log'!$P$6:$P$205,"Y",'Run Log'!$I$6:$I$205,"Y")/C17) | E17: =IF(C17=0,"",COUNTIFS('Run Log'!$C$6:$C$205,A17,'Run Log'!$P$6:$P$205,"Y",'Run Log'!$I$6:$I$205,"Y",'Run Log'!$J$6:$J$205,1)/C17) | F17: =IF(C17=0,"",COUNTIFS('Run Log'!$C$6:$C$205,A17,'Run Log'!$P$6:$P$205,"Y",'Run Log'!$I$6:$I$205,"Y",'Run Log'!$J$6:$J$205,"<=2")/C17) | G17: =IF(C17=0,"",COUNTIFS('Run Log'!$C$6:$C$205,A17,'Run Log'!$P$6:$P$205,"Y",'Run Log'!$I$6:$I$205,"Y",'Run Log'!$J$6:$J$205,"<=3")/C17) | H17: =IFERROR(AVERAGEIFS('Run Log'!$J$6:$J$205,'Run Log'!$C$6:$C$205,A17,'Run Log'!$P$6:$P$205,"Y",'Run Log'!$I$6:$I$205,"Y"),"") | I17: =IFERROR(SUMIFS('Run Log'!$S$6:$S$205,'Run Log'!$C$6:$C$205,A17)/SUMIFS('Run Log'!$Q$6:$Q$205,'Run Log'!$C$6:$C$205,A17),"") | J17: =IF(C17>=Settings!$B$9,"Y","N") -> N | K17: =IF(C17=0,"No data",IF(J17<>"Y","Too few runs",IF(E17>=Settings!$B$8,"First",IF(F17>=Settings!$B$8,"Top 2",IF(G17>=Settings!$B$8,"Top 3",IF(D17>=Settings!$B$8,"Named","Not reliably named")))))) -> No data | L17: =IF(J17="Y",B17*N(I17),0) -> 0 | M17: =IF(J17="Y",B17,0) -> 0
A18: =Engines!A8 -> Perplexity | B18: =Engines!C8 -> 1 | C18: =COUNTIFS('Run Log'!$C$6:$C$205,A18,'Run Log'!$P$6:$P$205,"Y") -> 0 | D18: =IF(C18=0,"",COUNTIFS('Run Log'!$C$6:$C$205,A18,'Run Log'!$P$6:$P$205,"Y",'Run Log'!$I$6:$I$205,"Y")/C18) | E18: =IF(C18=0,"",COUNTIFS('Run Log'!$C$6:$C$205,A18,'Run Log'!$P$6:$P$205,"Y",'Run Log'!$I$6:$I$205,"Y",'Run Log'!$J$6:$J$205,1)/C18) | F18: =IF(C18=0,"",COUNTIFS('Run Log'!$C$6:$C$205,A18,'Run Log'!$P$6:$P$205,"Y",'Run Log'!$I$6:$I$205,"Y",'Run Log'!$J$6:$J$205,"<=2")/C18) | G18: =IF(C18=0,"",COUNTIFS('Run Log'!$C$6:$C$205,A18,'Run Log'!$P$6:$P$205,"Y",'Run Log'!$I$6:$I$205,"Y",'Run Log'!$J$6:$J$205,"<=3")/C18) | H18: =IFERROR(AVERAGEIFS('Run Log'!$J$6:$J$205,'Run Log'!$C$6:$C$205,A18,'Run Log'!$P$6:$P$205,"Y",'Run Log'!$I$6:$I$205,"Y"),"") | I18: =IFERROR(SUMIFS('Run Log'!$S$6:$S$205,'Run Log'!$C$6:$C$205,A18)/SUMIFS('Run Log'!$Q$6:$Q$205,'Run Log'!$C$6:$C$205,A18),"") | J18: =IF(C18>=Settings!$B$9,"Y","N") -> N | K18: =IF(C18=0,"No data",IF(J18<>"Y","Too few runs",IF(E18>=Settings!$B$8,"First",IF(F18>=Settings!$B$8,"Top 2",IF(G18>=Settings!$B$8,"Top 3",IF(D18>=Settings!$B$8,"Named","Not reliably named")))))) -> No data | L18: =IF(J18="Y",B18*N(I18),0) -> 0 | M18: =IF(J18="Y",B18,0) -> 0
A19: =Engines!A9 -> Claude | B19: =Engines!C9 -> 1 | C19: =COUNTIFS('Run Log'!$C$6:$C$205,A19,'Run Log'!$P$6:$P$205,"Y") -> 0 | D19: =IF(C19=0,"",COUNTIFS('Run Log'!$C$6:$C$205,A19,'Run Log'!$P$6:$P$205,"Y",'Run Log'!$I$6:$I$205,"Y")/C19) | E19: =IF(C19=0,"",COUNTIFS('Run Log'!$C$6:$C$205,A19,'Run Log'!$P$6:$P$205,"Y",'Run Log'!$I$6:$I$205,"Y",'Run Log'!$J$6:$J$205,1)/C19) | F19: =IF(C19=0,"",COUNTIFS('Run Log'!$C$6:$C$205,A19,'Run Log'!$P$6:$P$205,"Y",'Run Log'!$I$6:$I$205,"Y",'Run Log'!$J$6:$J$205,"<=2")/C19) | G19: =IF(C19=0,"",COUNTIFS('Run Log'!$C$6:$C$205,A19,'Run Log'!$P$6:$P$205,"Y",'Run Log'!$I$6:$I$205,"Y",'Run Log'!$J$6:$J$205,"<=3")/C19) | H19: =IFERROR(AVERAGEIFS('Run Log'!$J$6:$J$205,'Run Log'!$C$6:$C$205,A19,'Run Log'!$P$6:$P$205,"Y",'Run Log'!$I$6:$I$205,"Y"),"") | I19: =IFERROR(SUMIFS('Run Log'!$S$6:$S$205,'Run Log'!$C$6:$C$205,A19)/SUMIFS('Run Log'!$Q$6:$Q$205,'Run Log'!$C$6:$C$205,A19),"") | J19: =IF(C19>=Settings!$B$9,"Y","N") -> N | K19: =IF(C19=0,"No data",IF(J19<>"Y","Too few runs",IF(E19>=Settings!$B$8,"First",IF(F19>=Settings!$B$8,"Top 2",IF(G19>=Settings!$B$8,"Top 3",IF(D19>=Settings!$B$8,"Named","Not reliably named")))))) -> No data | L19: =IF(J19="Y",B19*N(I19),0) -> 0 | M19: =IF(J19="Y",B19,0) -> 0
A20: =Engines!A10 -> Microsoft Copilot | B20: =Engines!C10 -> 1 | C20: =COUNTIFS('Run Log'!$C$6:$C$205,A20,'Run Log'!$P$6:$P$205,"Y") -> 0 | D20: =IF(C20=0,"",COUNTIFS('Run Log'!$C$6:$C$205,A20,'Run Log'!$P$6:$P$205,"Y",'Run Log'!$I$6:$I$205,"Y")/C20) | E20: =IF(C20=0,"",COUNTIFS('Run Log'!$C$6:$C$205,A20,'Run Log'!$P$6:$P$205,"Y",'Run Log'!$I$6:$I$205,"Y",'Run Log'!$J$6:$J$205,1)/C20) | F20: =IF(C20=0,"",COUNTIFS('Run Log'!$C$6:$C$205,A20,'Run Log'!$P$6:$P$205,"Y",'Run Log'!$I$6:$I$205,"Y",'Run Log'!$J$6:$J$205,"<=2")/C20) | G20: =IF(C20=0,"",COUNTIFS('Run Log'!$C$6:$C$205,A20,'Run Log'!$P$6:$P$205,"Y",'Run Log'!$I$6:$I$205,"Y",'Run Log'!$J$6:$J$205,"<=3")/C20) | H20: =IFERROR(AVERAGEIFS('Run Log'!$J$6:$J$205,'Run Log'!$C$6:$C$205,A20,'Run Log'!$P$6:$P$205,"Y",'Run Log'!$I$6:$I$205,"Y"),"") | I20: =IFERROR(SUMIFS('Run Log'!$S$6:$S$205,'Run Log'!$C$6:$C$205,A20)/SUMIFS('Run Log'!$Q$6:$Q$205,'Run Log'!$C$6:$C$205,A20),"") | J20: =IF(C20>=Settings!$B$9,"Y","N") -> N | K20: =IF(C20=0,"No data",IF(J20<>"Y","Too few runs",IF(E20>=Settings!$B$8,"First",IF(F20>=Settings!$B$8,"Top 2",IF(G20>=Settings!$B$8,"Top 3",IF(D20>=Settings!$B$8,"Named","Not reliably named")))))) -> No data | L20: =IF(J20="Y",B20*N(I20),0) -> 0 | M20: =IF(J20="Y",B20,0) -> 0
A21: =Engines!A11 -> Grok | B21: =Engines!C11 -> 1 | C21: =COUNTIFS('Run Log'!$C$6:$C$205,A21,'Run Log'!$P$6:$P$205,"Y") -> 0 | D21: =IF(C21=0,"",COUNTIFS('Run Log'!$C$6:$C$205,A21,'Run Log'!$P$6:$P$205,"Y",'Run Log'!$I$6:$I$205,"Y")/C21) | E21: =IF(C21=0,"",COUNTIFS('Run Log'!$C$6:$C$205,A21,'Run Log'!$P$6:$P$205,"Y",'Run Log'!$I$6:$I$205,"Y",'Run Log'!$J$6:$J$205,1)/C21) | F21: =IF(C21=0,"",COUNTIFS('Run Log'!$C$6:$C$205,A21,'Run Log'!$P$6:$P$205,"Y",'Run Log'!$I$6:$I$205,"Y",'Run Log'!$J$6:$J$205,"<=2")/C21) | G21: =IF(C21=0,"",COUNTIFS('Run Log'!$C$6:$C$205,A21,'Run Log'!$P$6:$P$205,"Y",'Run Log'!$I$6:$I$205,"Y",'Run Log'!$J$6:$J$205,"<=3")/C21) | H21: =IFERROR(AVERAGEIFS('Run Log'!$J$6:$J$205,'Run Log'!$C$6:$C$205,A21,'Run Log'!$P$6:$P$205,"Y",'Run Log'!$I$6:$I$205,"Y"),"") | I21: =IFERROR(SUMIFS('Run Log'!$S$6:$S$205,'Run Log'!$C$6:$C$205,A21)/SUMIFS('Run Log'!$Q$6:$Q$205,'Run Log'!$C$6:$C$205,A21),"") | J21: =IF(C21>=Settings!$B$9,"Y","N") -> N | K21: =IF(C21=0,"No data",IF(J21<>"Y","Too few runs",IF(E21>=Settings!$B$8,"First",IF(F21>=Settings!$B$8,"Top 2",IF(G21>=Settings!$B$8,"Top 3",IF(D21>=Settings!$B$8,"Named","Not reliably named")))))) -> No data | L21: =IF(J21="Y",B21*N(I21),0) -> 0 | M21: =IF(J21="Y",B21,0) -> 0
A22: =Engines!A12 -> Meta AI | B22: =Engines!C12 -> 1 | C22: =COUNTIFS('Run Log'!$C$6:$C$205,A22,'Run Log'!$P$6:$P$205,"Y") -> 0 | D22: =IF(C22=0,"",COUNTIFS('Run Log'!$C$6:$C$205,A22,'Run Log'!$P$6:$P$205,"Y",'Run Log'!$I$6:$I$205,"Y")/C22) | E22: =IF(C22=0,"",COUNTIFS('Run Log'!$C$6:$C$205,A22,'Run Log'!$P$6:$P$205,"Y",'Run Log'!$I$6:$I$205,"Y",'Run Log'!$J$6:$J$205,1)/C22) | F22: =IF(C22=0,"",COUNTIFS('Run Log'!$C$6:$C$205,A22,'Run Log'!$P$6:$P$205,"Y",'Run Log'!$I$6:$I$205,"Y",'Run Log'!$J$6:$J$205,"<=2")/C22) | G22: =IF(C22=0,"",COUNTIFS('Run Log'!$C$6:$C$205,A22,'Run Log'!$P$6:$P$205,"Y",'Run Log'!$I$6:$I$205,"Y",'Run Log'!$J$6:$J$205,"<=3")/C22) | H22: =IFERROR(AVERAGEIFS('Run Log'!$J$6:$J$205,'Run Log'!$C$6:$C$205,A22,'Run Log'!$P$6:$P$205,"Y",'Run Log'!$I$6:$I$205,"Y"),"") | I22: =IFERROR(SUMIFS('Run Log'!$S$6:$S$205,'Run Log'!$C$6:$C$205,A22)/SUMIFS('Run Log'!$Q$6:$Q$205,'Run Log'!$C$6:$C$205,A22),"") | J22: =IF(C22>=Settings!$B$9,"Y","N") -> N | K22: =IF(C22=0,"No data",IF(J22<>"Y","Too few runs",IF(E22>=Settings!$B$8,"First",IF(F22>=Settings!$B$8,"Top 2",IF(G22>=Settings!$B$8,"Top 3",IF(D22>=Settings!$B$8,"Named","Not reliably named")))))) -> No data | L22: =IF(J22="Y",B22*N(I22),0) -> 0 | M22: =IF(J22="Y",B22,0) -> 0
A24: By question (all engines)
A26: Question | B26: ID | C26: Valid runs | D26: Named % | E26: First % | F26: Avg score
A27: =Questions!B5&": "&LEFT(Questions!C5,60) -> General: Who is the best internal medicine doctor in Imperial Beach, | B27: =Questions!A5 -> Q1 | C27: =COUNTIFS('Run Log'!$G$6:$G$205,B27,'Run Log'!$P$6:$P$205,"Y") -> 0 | D27: =IF(C27=0,"",COUNTIFS('Run Log'!$G$6:$G$205,B27,'Run Log'!$P$6:$P$205,"Y",'Run Log'!$I$6:$I$205,"Y")/C27) | E27: =IF(C27=0,"",COUNTIFS('Run Log'!$G$6:$G$205,B27,'Run Log'!$P$6:$P$205,"Y",'Run Log'!$I$6:$I$205,"Y",'Run Log'!$J$6:$J$205,1)/C27) | F27: =IFERROR(SUMIFS('Run Log'!$S$6:$S$205,'Run Log'!$G$6:$G$205,B27)/SUMIFS('Run Log'!$Q$6:$Q$205,'Run Log'!$G$6:$G$205,B27),"")
A28: =Questions!B6&": "&LEFT(Questions!C6,60) -> Seniors: Who is the best primary care doctor in Imperial Beach, CA fo | B28: =Questions!A6 -> Q2 | C28: =COUNTIFS('Run Log'!$G$6:$G$205,B28,'Run Log'!$P$6:$P$205,"Y") -> 0 | D28: =IF(C28=0,"",COUNTIFS('Run Log'!$G$6:$G$205,B28,'Run Log'!$P$6:$P$205,"Y",'Run Log'!$I$6:$I$205,"Y")/C28) | E28: =IF(C28=0,"",COUNTIFS('Run Log'!$G$6:$G$205,B28,'Run Log'!$P$6:$P$205,"Y",'Run Log'!$I$6:$I$205,"Y",'Run Log'!$J$6:$J$205,1)/C28) | F28: =IFERROR(SUMIFS('Run Log'!$S$6:$S$205,'Run Log'!$G$6:$G$205,B28)/SUMIFS('Run Log'!$Q$6:$Q$205,'Run Log'!$G$6:$G$205,B28),"")
A29: =Questions!B7&": "&LEFT(Questions!C7,60) -> Near me / ZIP: I am looking for a new primary care doctor near Imperial Bea | B29: =Questions!A7 -> Q3 | C29: =COUNTIFS('Run Log'!$G$6:$G$205,B29,'Run Log'!$P$6:$P$205,"Y") -> 0 | D29: =IF(C29=0,"",COUNTIFS('Run Log'!$G$6:$G$205,B29,'Run Log'!$P$6:$P$205,"Y",'Run Log'!$I$6:$I$205,"Y")/C29) | E29: =IF(C29=0,"",COUNTIFS('Run Log'!$G$6:$G$205,B29,'Run Log'!$P$6:$P$205,"Y",'Run Log'!$I$6:$I$205,"Y",'Run Log'!$J$6:$J$205,1)/C29) | F29: =IFERROR(SUMIFS('Run Log'!$S$6:$S$205,'Run Log'!$G$6:$G$205,B29)/SUMIFS('Run Log'!$Q$6:$Q$205,'Run Log'!$G$6:$G$205,B29),"")
A30: =Questions!B8&": "&LEFT(Questions!C8,60) -> Regional: Which internal medicine doctors in the South Bay area of San | B30: =Questions!A8 -> Q4 | C30: =COUNTIFS('Run Log'!$G$6:$G$205,B30,'Run Log'!$P$6:$P$205,"Y") -> 0 | D30: =IF(C30=0,"",COUNTIFS('Run Log'!$G$6:$G$205,B30,'Run Log'!$P$6:$P$205,"Y",'Run Log'!$I$6:$I$205,"Y")/C30) | E30: =IF(C30=0,"",COUNTIFS('Run Log'!$G$6:$G$205,B30,'Run Log'!$P$6:$P$205,"Y",'Run Log'!$I$6:$I$205,"Y",'Run Log'!$J$6:$J$205,1)/C30) | F30: =IFERROR(SUMIFS('Run Log'!$S$6:$S$205,'Run Log'!$G$6:$G$205,B30)/SUMIFS('Run Log'!$Q$6:$Q$205,'Run Log'!$G$6:$G$205,B30),"")
A31: =Questions!B9&": "&LEFT(Questions!C9,60) -> Service: Who is a good doctor for medical weight loss in Imperial Bea | B31: =Questions!A9 -> Q5 | C31: =COUNTIFS('Run Log'!$G$6:$G$205,B31,'Run Log'!$P$6:$P$205,"Y") -> 0 | D31: =IF(C31=0,"",COUNTIFS('Run Log'!$G$6:$G$205,B31,'Run Log'!$P$6:$P$205,"Y",'Run Log'!$I$6:$I$205,"Y")/C31) | E31: =IF(C31=0,"",COUNTIFS('Run Log'!$G$6:$G$205,B31,'Run Log'!$P$6:$P$205,"Y",'Run Log'!$I$6:$I$205,"Y",'Run Log'!$J$6:$J$205,1)/C31) | F31: =IFERROR(SUMIFS('Run Log'!$S$6:$S$205,'Run Log'!$G$6:$G$205,B31)/SUMIFS('Run Log'!$Q$6:$Q$205,'Run Log'!$G$6:$G$205,B31),"")
A32: =Questions!B10&": "&LEFT(Questions!C10,60) -> Spanish: ¿Quién es el mejor médico de medicina interna en Imperial Be | B32: =Questions!A10 -> Q6 | C32: =COUNTIFS('Run Log'!$G$6:$G$205,B32,'Run Log'!$P$6:$P$205,"Y") -> 0 | D32: =IF(C32=0,"",COUNTIFS('Run Log'!$G$6:$G$205,B32,'Run Log'!$P$6:$P$205,"Y",'Run Log'!$I$6:$I$205,"Y")/C32) | E32: =IF(C32=0,"",COUNTIFS('Run Log'!$G$6:$G$205,B32,'Run Log'!$P$6:$P$205,"Y",'Run Log'!$I$6:$I$205,"Y",'Run Log'!$J$6:$J$205,1)/C32) | F32: =IFERROR(SUMIFS('Run Log'!$S$6:$S$205,'Run Log'!$G$6:$G$205,B32)/SUMIFS('Run Log'!$Q$6:$Q$205,'Run Log'!$G$6:$G$205,B32),"")

Sheet History
A1: Survey history
A2: Row 6 updates live from this workbook. Before starting a new survey, save a copy of the file and paste row 6 values into the next blank row (values only).
A4: Survey | B4: Date / label | C4: Location | D4: Engines | E4: First on | F4: Top two on | G4: Composite (0-100) | H4: Source / notes
A5: Survey 1 (prior) | C5: Imperial Beach, CA | D5: 5 | E5: 4 | F5: 5 | H5: From Raj's recollection (first on 4 of 5; fifth engine thought to be #2). Date and per-engine results to be confirmed from survey records before quoting.
A6: Survey 2 (this workbook) | B6: =Settings!B4 -> October 2026 | C6: =Settings!B7 -> Imperial Beach, CA 91932 | D6: =Summary!B5 -> 0 | E6: =Summary!B6 -> 0 | F6: =Summary!B7 -> 0 | G6: =Summary!B8 | H6: Live link to Summary.
A7: Survey 3
A8: Survey 4
